,Date,Price
0, 2009-01-01,1510.7142857142858
1, 2009-01-04,1489.4444444444443
2, 2009-01-05,1616.6666666666667
3,2009-01-06,1562.5
4,2009-01-07,1455.0
5,2009-01-09,1520.0
6,2009-01-10,1496.4285714285713
7,2009-01-12,1474.4285714285713
8,2009-01-13,1700.0
9,2009-01-14,1575.0
10,2009-01-15,1650.0
11,2009-01-16,1550.0
12,2009-01-19,1580.0
13,2009-01-20,1600.0
14,2009-01-21,1562.5
15,2009-01-22,1528.5714285714287
16,2009-01-23,1531.25
17,2009-01-27,1500.0
18,2009-01-28,1532.142857142857
19,2009-01-29,1545.0
20,2009-01-30,1658.3333333333333
21,2009-02-01,1512.5
22,2009-02-02,1521.875
23,2009-02-03,1490.0
24,2009-02-04,1481.25
25,2009-02-06,1500.0
26,2009-02-07,1450.0
27,2009-02-09,1416.6666666666667
28,2009-02-12,1306.8333333333333
29,2009-02-13,1498.3333333333333
30,2009-02-16,1500.0
31,2009-02-17,1505.7142857142858
32,2009-02-18,1492.2222222222222
33,2009-02-19,1499.2857142857142
34,2009-02-20,1485.0
35,2009-02-23,1650.0
36,2009-02-24,1459.0
37,2009-02-25,1496.875
38,2009-02-26,1612.5
39,2009-02-27,1600.0
40,2009-03-02,1496.4285714285713
41,2009-03-03,1526.6666666666667
42,2009-03-06,1520.625
43,2009-03-07,1466.6666666666667
44,2009-03-08,1450.0
45,2009-03-09,1483.3333333333333
46,2009-03-11,1375.0
47,2009-03-12,1089.2
48,2009-03-13,1525.0
49,2009-03-16,1516.6666666666667
50,2009-03-17,1587.5
51,2009-03-18,1531.0
52,2009-03-19,1600.0
53,2009-03-20,1600.0
54,2009-03-23,1550.0
55,2009-03-24,1540.0
56,2009-03-25,1545.8333333333333
57,2009-03-26,1540.0
58,2009-03-27,1600.0
59,2009-03-30,1541.6666666666667
60,2009-03-31,1575.0
61,2009-04-02,1514.4444444444443
62,2009-04-03,1600.0
63,2009-04-05,1435.0
64,2009-04-06,1437.5
65,2009-04-08,1450.0
66,2009-04-09,1750.0
67,2009-04-11,1437.5
68,2009-04-12,1550.111111111111
69,2009-04-13,1500.0
70,2009-04-15,1550.0
71,2009-04-16,1380.0
72,2009-04-17,1533.3333333333333
73,2009-04-20,1366.6666666666667
74,2009-04-21,1355.0
75,2009-04-22,1500.0
76,2009-04-23,1566.6666666666667
77,2009-04-24,1400.0
78,2009-04-27,1600.0
79,2009-04-28,1516.6666666666667
80,2009-04-29,1550.0
81,2009-04-30,1516.6666666666667
82,2009-05-01,1530.0
83,2009-05-02,1495.8333333333333
84,2009-05-03,1600.0
85,2009-05-05,1582.5
86,2009-05-06,1675.0
87,2009-05-08,1418.75
88,2009-05-10,1418.75
89,2009-05-11,1555.0
90,2009-05-13,1558.75
91,2009-05-14,1470.8333333333333
92,2009-05-15,1566.6666666666667
93,2009-05-18,1533.3333333333333
94,2009-05-19,1504.1666666666667
95,2009-05-20,1540.0
96,2009-05-21,1496.4285714285713
97,2009-05-22,1460.0
98,2009-05-25,1466.6666666666667
99,2009-05-26,1500.0
100,2009-05-27,1479.1666666666667
101,2009-05-28,1455.0
102,2009-05-29,1583.3333333333333
103,2009-06-01,1533.3333333333333
104,2009-06-02,1510.7142857142858
105,2009-06-03,1600.0
106,2009-06-04,1440.0
107,2009-06-05,1437.5
108,2009-06-07,1507.142857142857
109,2009-06-08,1587.5
110,2009-06-10,1460.7142857142858
111,2009-06-11,1512.5
112,2009-06-15,1390.0
113,2009-06-16,1450.0
114,2009-06-17,1480.7142857142858
115,2009-06-18,1516.6666666666667
116,2009-06-19,1483.3333333333333
117,2009-06-22,1525.0
118,2009-06-23,1487.5
119,2009-06-24,1487.5
120,2009-06-25,1500.0
121,2009-06-26,1533.3333333333333
122,2009-06-29,1545.0
123,2009-06-30,1458.3333333333333
124,2009-07-01,1530.0
125,2009-07-07,1483.3333333333333
126,2009-07-08,1612.5
127,2009-07-09,1387.5
128,2009-07-10,1487.7777777777778
129,2009-07-12,1500.142857142857
130,2009-07-13,1405.0
131,2009-07-14,1525.0
132,2009-07-15,1563.888888888889
133,2009-07-16,1325.0
134,2009-07-17,1566.6666666666667
135,2009-07-20,1350.0
136,2009-07-21,1387.5
137,2009-07-22,1489.2857142857142
138,2009-07-23,1550.0
139,2009-07-24,1490.0
140,2009-07-27,1510.0
141,2009-07-28,1406.25
142,2009-07-29,1461.111111111111
143,2009-07-30,1400.0
144,2009-07-31,1380.0
145,2009-08-04,1600.0
146,2009-08-05,1607.5
147,2009-08-06,1500.0
148,2009-08-07,1456.25
149,2009-08-09,1386.25
150,2009-08-10,1521.4285714285713
151,2009-08-12,1845.857142857143
152,2009-08-13,1537.5
153,2009-08-17,1650.0
154,2009-08-18,1575.0
155,2009-08-19,1552.5
156,2009-08-20,1650.0
157,2009-08-21,1480.0
158,2009-08-24,1441.6666666666667
159,2009-08-25,1525.0
160,2009-08-26,1598.5714285714287
161,2009-08-27,1430.0
162,2009-08-28,1570.0
163,2009-08-31,1537.5
164,2009-09-01,1637.5
165,2009-09-02,1525.0
166,2009-09-03,1568.75
167,2009-09-04,1512.5
168,2009-09-06,1575.0
169,2009-09-07,1440.0
170,2009-09-09,1651.6666666666667
171,2009-09-10,1493.75
172,2009-09-11,1712.5
173,2009-09-12,1412.4
174,2009-09-14,1600.0
175,2009-09-15,1540.0
176,2009-09-16,1522.5
177,2009-09-17,1540.0
178,2009-09-18,1662.5
179,2009-09-22,1650.0
180,2009-09-23,1503.3333333333333
181,2009-09-24,1470.0
182,2009-09-25,1550.0
183,2009-09-29,1637.5
184,2009-09-30,1518.0
185,2009-10-02,1475.0
186,2009-10-06,1542.5
187,2009-10-07,1466.6666666666667
188,2009-10-08,1415.0
189,2009-10-09,1465.8333333333333
190,2009-10-11,1491.6666666666667
191,2009-10-12,1886.8333333333333
192,2009-10-13,1559.375
193,2009-10-14,1545.0
194,2009-10-15,1550.0
195,2009-10-16,1520.0
196,2009-10-19,1560.0
197,2009-10-20,1604.1666666666667
198,2009-10-21,1520.4545454545455
199,2009-10-22,1503.5714285714287
200,2009-10-23,1533.3333333333333
201,2009-10-26,1450.0
202,2009-10-27,1600.0
203,2009-10-28,1630.0
204,2009-10-29,1300.0
205,2009-10-30,1537.5
206,2009-11-02,1497.5
207,2009-11-06,1576.0
208,2009-11-08,1587.5
209,2009-11-09,1616.6666666666667
210,2009-11-11,1662.5
211,2009-11-12,2162.5
212,2009-11-13,1555.0
213,2009-11-16,1725.0
214,2009-11-17,1875.0
215,2009-11-18,1775.0
216,2009-11-19,1885.0
217,2009-11-20,1946.4285714285713
218,2009-11-23,1650.0
219,2009-11-24,1900.0
220,2009-11-25,1637.875
221,2009-11-26,1533.3333333333333
222,2009-11-27,2045.8333333333333
223,2009-11-30,1895.1666666666667
224,2009-12-01,1637.5
225,2009-12-02,1500.0
226,2009-12-03,1525.0
227,2009-12-05,1325.0
228,2009-12-06,1550.0
229,2009-12-08,1523.0
230,2009-12-10,1539.2857142857142
231,2009-12-11,1481.25
232,2009-12-14,1922.5714285714287
233,2009-12-15,1430.75
234,2009-12-16,1395.75
235,2009-12-17,1382.7142857142858
236,2009-12-18,1377.1666666666667
237,2009-12-21,1452.625
238,2009-12-22,1432.6666666666667
239,2009-12-23,2191.75
240,2009-12-24,1326.0
241,2009-12-29,1733.5
242,2009-12-30,1678.3333333333333
243,2009-12-31,2291.75
244,2010-01-01,2080.0
245,2010-01-02,2163.1428571428573
246,2010-01-04,1685.375
247,2010-01-06,1655.75
248,2010-01-07,1726.8260869565217
249,2010-01-09,1800.25
250,2010-01-10,1794.4864864864865
251,2010-01-11,1783.4883720930231
252,2010-01-12,1769.4285714285713
253,2010-01-13,1862.5
254,2010-01-14,1787.5
255,2010-01-15,1815.0
256,2010-01-18,1699.7142857142858
257,2010-01-19,1662.5
258,2010-01-20,1818.5714285714287
259,2010-01-21,1600.0
260,2010-01-22,2016.6666666666667
261,2010-01-25,2130.0
262,2010-01-27,1958.75
263,2010-01-28,2032.142857142857
264,2010-01-29,1672.1666666666667
265,2010-02-02,1696.4285714285713
266,2010-02-03,1758.4
267,2010-02-06,1679.3684210526317
268,2010-02-07,1739.4
269,2010-02-08,1764.423076923077
270,2010-02-11,1783.906976744186
271,2010-02-12,1777.7142857142858
272,2010-02-15,1686.5
273,2010-02-16,1630.25
274,2010-02-17,1600.625
275,2010-02-18,1662.5
276,2010-02-19,1775.0
277,2010-02-22,1725.0
278,2010-02-23,1735.7142857142858
279,2010-02-24,1706.625
280,2010-02-25,1906.0
281,2010-02-26,1729.0
282,2010-03-02,1891.3333333333333
283,2010-03-03,1713.7
284,2010-03-05,1692.5
285,2010-03-06,1757.1764705882354
286,2010-03-08,1765.3846153846155
287,2010-03-09,1802.3714285714286
288,2010-03-11,1781.5813953488373
289,2010-03-12,1778.0
290,2010-03-15,1667.0
291,2010-03-16,1712.5
292,2010-03-17,1754.2222222222222
293,2010-03-18,1725.0
294,2010-03-19,1699.6
295,2010-03-22,1734.2222222222222
296,2010-03-23,1739.7777777777778
297,2010-03-25,1857.142857142857
298,2010-03-26,1688.25
299,2010-03-29,1698.3
300,2010-03-30,1745.75
301,2010-03-31,1766.6363636363637
302,2010-04-01,2133.4
303,2010-04-02,1757.142857142857
304,2010-04-03,1700.0
305,2010-04-05,1695.7894736842106
306,2010-04-06,1736.6
307,2010-04-08,1768.9615384615386
308,2010-04-10,1748.8108108108108
309,2010-04-11,1780.8837209302326
310,2010-04-13,1686.3636363636363
311,2010-04-15,1752.75
312,2010-04-16,1777.0
313,2010-04-19,1815.6875
314,2010-04-20,1687.357142857143
315,2010-04-21,1718.5294117647059
316,2010-04-22,1727.0
317,2010-04-23,1751.0714285714287
318,2010-04-26,1720.625
319,2010-04-27,1707.2222222222222
320,2010-04-28,1697.0555555555557
321,2010-04-29,1729.235294117647
322,2010-04-30,1741.5
323,2010-05-01,1753.4
324,2010-05-02,1783.3333333333333
325,2010-05-03,1850.0
326,2010-05-04,1688.888888888889
327,2010-05-05,1677.3684210526317
328,2010-05-07,1735.0
329,2010-05-08,1756.04
330,2010-05-10,1762.820512820513
331,2010-05-13,1730.1875
332,2010-05-14,1717.4
333,2010-05-17,1776.7857142857142
334,2010-05-18,1787.142857142857
335,2010-05-19,1730.0
336,2010-05-20,1702.857142857143
337,2010-05-21,1686.6666666666667
338,2010-05-24,1717.0
339,2010-05-25,1661.388888888889
340,2010-05-26,1687.6315789473683
341,2010-05-28,1736.1764705882354
342,2010-05-31,1737.8125
343,2010-06-01,1883.5
344,2010-06-04,1654.1666666666667
345,2010-06-05,1734.6875
346,2010-06-07,1735.0
347,2010-06-08,1759.4166666666667
348,2010-06-09,1774.0
349,2010-06-10,1774.875
350,2010-06-12,1780.5581395348838
351,2010-06-14,1700.7391304347825
352,2010-06-15,1689.4583333333333
353,2010-06-16,1689.2608695652175
354,2010-06-17,1688.0416666666667
355,2010-06-18,1699.52
356,2010-06-21,1704.0416666666667
357,2010-06-22,1705.0833333333333
358,2010-06-23,1707.8333333333333
359,2010-06-24,1728.3478260869565
360,2010-06-25,1739.8260869565217
361,2010-06-28,1716.1304347826087
362,2010-06-29,1722.1818181818182
363,2010-06-30,1726.1904761904761
364,2010-07-01,2427.6666666666665
365,2010-07-04,1719.2307692307693
366,2010-07-05,1722.0
367,2010-07-06,1756.7692307692307
368,2010-07-07,1721.6363636363637
369,2010-07-09,1764.6666666666667
370,2010-07-10,1775.5
371,2010-07-12,1811.1951219512196
372,2010-07-13,1763.6666666666667
373,2010-07-14,1732.8636363636363
374,2010-07-15,1736.6521739130435
375,2010-07-16,1736.2916666666667
376,2010-07-19,1749.8260869565217
377,2010-07-20,1738.875
378,2010-07-21,1736.8333333333333
379,2010-07-22,1741.0434782608695
380,2010-07-23,1761.76
381,2010-07-26,1758.16
382,2010-07-27,1763.3846153846155
383,2010-07-28,1763.12
384,2010-07-29,1762.8076923076924
385,2010-07-30,1763.423076923077
386,2010-08-01,1991.5
387,2010-08-02,1754.1666666666667
388,2010-08-03,1713.8333333333333
389,2010-08-04,1650.0
390,2010-08-06,1722.85
391,2010-08-07,1720.5
392,2010-08-09,1765.235294117647
393,2010-08-10,1783.2142857142858
394,2010-08-11,1784.948717948718
395,2010-08-12,1811.439024390244
396,2010-08-13,1774.9166666666667
397,2010-08-16,1776.8333333333333
398,2010-08-17,1752.5238095238096
399,2010-08-18,1780.421052631579
400,2010-08-19,1786.764705882353
401,2010-08-20,1781.7368421052631
402,2010-08-23,1720.65
403,2010-08-24,1808.923076923077
404,2010-08-25,1754.5652173913043
405,2010-08-26,1780.125
406,2010-08-27,1762.2
407,2010-08-30,1783.125
408,2010-08-31,1784.48
409,2010-09-02,1705.0
410,2010-09-03,1678.3
411,2010-09-04,1665.3846153846155
412,2010-09-06,1700.3181818181818
413,2010-09-07,1734.3333333333333
414,2010-09-08,1761.875
415,2010-09-09,1743.9166666666667
416,2010-09-11,1794.075
417,2010-09-12,1810.5121951219512
418,2010-09-13,1752.9444444444443
419,2010-09-14,1847.6666666666667
420,2010-09-15,1759.8333333333333
421,2010-09-16,1832.5217391304348
422,2010-09-17,1852.888888888889
423,2010-09-20,1760.3714285714286
424,2010-09-21,1741.2285714285715
425,2010-09-22,1788.7096774193549
426,2010-09-23,1780.8235294117646
427,2010-09-24,1757.051282051282
428,2010-09-27,1778.5294117647059
429,2010-09-28,1765.2857142857142
430,2010-09-29,1771.142857142857
431,2010-09-30,1793.1351351351352
432,2010-10-02,1852.7272727272727
433,2010-10-03,1835.6363636363637
434,2010-10-05,1682.0
435,2010-10-06,1675.5217391304348
436,2010-10-08,1760.24
437,2010-10-09,1756.7368421052631
438,2010-10-11,1798.179487179487
439,2010-10-12,1813.0731707317073
440,2010-10-13,1797.8947368421052
441,2010-10-15,1809.1081081081081
442,2010-10-18,1802.1842105263158
443,2010-10-19,1787.2682926829268
444,2010-10-20,1787.2682926829268
445,2010-10-21,1781.6190476190477
446,2010-10-22,1781.6190476190477
447,2010-10-25,1784.142857142857
448,2010-10-26,1781.5348837209303
449,2010-10-27,1773.7560975609756
450,2010-10-28,1779.6511627906978
451,2010-10-29,1784.8837209302326
452,2010-11-01,2427.6666666666665
453,2010-11-02,1887.5
454,2010-11-03,1686.5
455,2010-11-05,1686.3157894736842
456,2010-11-06,1688.9545454545455
457,2010-11-08,1742.92
458,2010-11-10,1796.9736842105262
459,2010-11-11,1796.3846153846155
460,2010-11-15,1801.3076923076924
461,2010-11-16,1771.0731707317073
462,2010-11-18,1773.9268292682927
463,2010-11-19,1776.3658536585365
464,2010-11-22,1776.780487804878
465,2010-11-23,1776.4146341463415
466,2010-11-24,1774.7073170731708
467,2010-11-25,1773.5365853658536
468,2010-11-26,1775.6829268292684
469,2010-11-29,1791.5128205128206
470,2010-11-30,1785.4871794871794
471,2010-12-01,2011.857142857143
472,2010-12-02,1975.0
473,2010-12-03,1741.7
474,2010-12-04,1686.7272727272727
475,2010-12-05,1730.5
476,2010-12-07,1749.0
477,2010-12-08,1757.72
478,2010-12-10,1797.1025641025642
479,2010-12-11,1798.948717948718
480,2010-12-13,1796.7727272727273
481,2010-12-14,1797.909090909091
482,2010-12-15,1790.75
483,2010-12-16,1792.340909090909
484,2010-12-20,1795.75
485,2010-12-21,1799.5454545454545
486,2010-12-22,1799.8181818181818
487,2010-12-23,1811.8636363636363
488,2010-12-24,1813.7674418604652
489,2010-12-27,1812.3953488372092
490,2010-12-28,1807.3720930232557
491,2010-12-29,1807.7727272727273
492,2010-12-30,1805.9545454545455
493,2010-12-31,1805.840909090909
494,2011-01-02,1803.4615384615386
495,2011-01-03,1803.55
496,2011-01-04,1797.725
497,2011-01-06,1787.6666666666667
498,2011-01-07,1775.952380952381
499,2011-01-08,1792.439024390244
500,2011-01-09,1791.4878048780488
501,2011-01-11,1761.878787878788
502,2011-01-12,1845.5833333333333
503,2011-01-13,1812.340909090909
504,2011-01-14,1815.75
505,2011-01-17,1802.2790697674418
506,2011-01-18,1800.2619047619048
507,2011-01-19,1799.8333333333333
508,2011-01-20,1788.2093023255813
509,2011-01-21,1791.2325581395348
510,2011-01-24,1787.4186046511627
511,2011-01-25,1787.4186046511627
512,2011-01-27,1789.0232558139535
513,2011-01-28,1803.6410256410256
514,2011-01-31,1800.7179487179487
515,2011-02-02,1800.923076923077
516,2011-02-05,1788.4634146341464
517,2011-02-06,1791.3777777777777
518,2011-02-08,1792.439024390244
519,2011-02-09,1791.4878048780488
520,2011-02-11,1777.235294117647
521,2011-02-12,1858.2307692307693
522,2011-02-14,1802.953488372093
523,2011-02-15,1798.1860465116279
524,2011-02-17,1797.953488372093
525,2011-02-18,1797.4883720930231
526,2011-02-21,1798.6511627906978
527,2011-02-22,1800.425
528,2011-02-23,1803.175
529,2011-02-24,1803.675
530,2011-02-25,1806.875
531,2011-02-28,1802.925
532,2011-03-01,1802.659090909091
533,2011-03-02,1796.3809523809523
534,2011-03-03,1801.05
535,2011-03-05,1786.3658536585365
536,2011-03-06,1793.6
537,2011-03-08,1790.0
538,2011-03-10,1788.6136363636363
539,2011-03-11,1748.8823529411766
540,2011-03-14,1790.1707317073171
541,2011-03-15,1789.7560975609756
542,2011-03-16,1781.35
543,2011-03-17,1790.275
544,2011-03-18,1792.95
545,2011-03-21,1790.45
546,2011-03-22,1797.55
547,2011-03-23,1798.0263157894738
548,2011-03-24,1821.7948717948718
549,2011-03-25,1821.6666666666667
550,2011-03-28,1810.875
551,2011-03-29,1801.075
552,2011-03-30,1797.325
553,2011-03-31,1797.725
554,2011-04-01,1792.4318181818182
555,2011-04-02,1794.2857142857142
556,2011-04-03,1798.05
557,2011-04-04,1794.475
558,2011-04-05,1787.5853658536585
559,2011-04-07,1776.4285714285713
560,2011-04-08,1788.2926829268292
561,2011-04-10,1787.25
562,2011-04-11,1804.878787878788
563,2011-04-13,1781.275
564,2011-04-15,1781.525
565,2011-04-18,1788.4
566,2011-04-19,1787.15
567,2011-04-20,1789.075
568,2011-04-21,1788.45
569,2011-04-25,1786.975
570,2011-04-26,1786.15
571,2011-04-27,1801.0487804878048
572,2011-04-28,1788.5121951219512
573,2011-04-29,1787.4878048780488
574,2011-05-01,1782.3589743589744
575,2011-05-04,1797.1
576,2011-05-05,1786.3658536585365
577,2011-05-07,1780.7142857142858
578,2011-05-08,1775.2682926829268
579,2011-05-09,1791.7317073170732
580,2011-05-10,1784.9772727272727
581,2011-05-12,1771.21875
582,2011-05-13,1770.025
583,2011-05-16,1780.9761904761904
584,2011-05-18,1788.9756097560976
585,2011-05-19,1780.547619047619
586,2011-05-20,1780.952380952381
587,2011-05-23,1778.4318181818182
588,2011-05-24,1770.953488372093
589,2011-05-25,1781.4318181818182
590,2011-05-26,1780.5227272727273
591,2011-05-27,1784.3181818181818
592,2011-05-30,1781.8181818181818
593,2011-05-31,1783.4444444444443
594,2011-06-01,1828.5
595,2011-06-04,1794.225
596,2011-06-05,1786.9756097560976
597,2011-06-06,1787.4888888888888
598,2011-06-07,1778.5714285714287
599,2011-06-09,1792.341463414634
600,2011-06-13,1804.25
601,2011-06-14,1800.0681818181818
602,2011-06-15,1792.6818181818182
603,2011-06-16,1783.6046511627908
604,2011-06-17,1773.9772727272727
605,2011-06-20,1773.9772727272727
606,2011-06-21,1764.1136363636363
607,2011-06-22,1770.904761904762
608,2011-06-23,1769.4761904761904
609,2011-06-24,1769.4761904761904
610,2011-06-27,1776.642857142857
611,2011-06-28,1779.7380952380952
612,2011-06-29,1781.2380952380952
613,2011-06-30,1776.6666666666667
614,2011-07-01,1794.25
615,2011-07-02,1791.9761904761904
616,2011-07-03,1800.5
617,2011-07-04,1793.725
618,2011-07-06,1787.0444444444445
619,2011-07-07,1762.4473684210527
620,2011-07-09,1789.780487804878
621,2011-07-10,1712.32
622,2011-07-12,1827.157894736842
623,2011-07-13,1786.0975609756097
624,2011-07-14,1786.0975609756097
625,2011-07-15,1786.0975609756097
626,2011-07-18,1790.6829268292684
627,2011-07-19,1787.5365853658536
628,2011-07-20,1791.4878048780488
629,2011-07-21,1792.0975609756097
630,2011-07-22,1789.4634146341464
631,2011-07-25,1787.0243902439024
632,2011-07-26,1785.8048780487804
633,2011-07-27,1786.5365853658536
634,2011-07-28,1786.9512195121952
635,2011-07-29,1789.8048780487804
636,2011-08-02,1801.5
637,2011-08-03,1781.948717948718
638,2011-08-04,1781.65
639,2011-08-06,1790.8809523809523
640,2011-08-07,1783.2926829268292
641,2011-08-08,1787.0731707317073
642,2011-08-09,1785.1463414634147
643,2011-08-11,1783.0294117647059
644,2011-08-12,1817.3095238095239
645,2011-08-16,1745.8333333333333
646,2011-08-17,1744.8809523809523
647,2011-08-18,1743.2142857142858
648,2011-08-19,1748.952380952381
649,2011-08-23,1794.780487804878
650,2011-08-24,1794.5365853658536
651,2011-08-25,1793.0731707317073
652,2011-08-26,1789.341463414634
653,2011-08-29,1789.5365853658536
654,2011-08-30,1791.4878048780488
655,2011-09-02,1798.7380952380952
656,2011-09-03,1782.075
657,2011-09-05,1789.6097560975609
658,2011-09-06,1790.8809523809523
659,2011-09-08,1790.2439024390244
660,2011-09-09,1782.5853658536585
661,2011-09-11,1866.2222222222222
662,2011-09-12,1806.1
663,2011-09-13,1780.9268292682927
664,2011-09-14,1780.0731707317073
665,2011-09-15,1781.658536585366
666,2011-09-16,1781.4634146341464
667,2011-09-19,1779.6341463414635
668,2011-09-20,1784.4318181818182
669,2011-09-21,1785.5681818181818
670,2011-09-22,1788.8636363636363
671,2011-09-23,1794.75
672,2011-09-26,1801.75
673,2011-09-27,1806.8333333333333
674,2011-09-28,1797.659090909091
675,2011-09-29,1791.9555555555555
676,2011-09-30,1794.4
677,2011-10-01,1807.9512195121952
678,2011-10-02,1800.046511627907
679,2011-10-03,1784.5
680,2011-10-05,1785.6829268292684
681,2011-10-06,1793.2619047619048
682,2011-10-08,1791.4634146341464
683,2011-10-10,1764.0
684,2011-10-13,1796.5185185185185
685,2011-10-14,1899.7391304347825
686,2011-10-17,1776.6
687,2011-10-18,1814.9
688,2011-10-19,1755.2307692307693
689,2011-10-20,1790.2903225806451
690,2011-10-21,1791.0
691,2011-10-24,1819.9655172413793
692,2011-10-25,1833.0
693,2011-10-27,1921.5
694,2011-10-28,1994.4375
695,2011-10-31,1814.5333333333333
696,2011-11-01,1810.0731707317073
697,2011-11-02,1801.906976744186
698,2011-11-03,1790.0
699,2011-11-04,1781.15
700,2011-11-05,1783.2439024390244
701,2011-11-07,1781.8292682926829
702,2011-11-08,1790.658536585366
703,2011-11-10,1771.5294117647059
704,2011-11-11,1851.5862068965516
705,2011-11-14,1813.1851851851852
706,2011-11-15,1880.448275862069
707,2011-11-16,1784.969696969697
708,2011-11-17,1790.0344827586207
709,2011-11-18,1795.918918918919
710,2011-11-21,1802.030303030303
711,2011-11-22,1800.2424242424242
712,2011-11-23,1769.7878787878788
713,2011-11-24,1818.4166666666667
714,2011-11-25,1799.7142857142858
715,2011-11-28,1806.7837837837837
716,2011-11-29,1831.4736842105262
717,2011-11-30,1871.4166666666667
718,2011-12-01,1807.1136363636363
719,2011-12-05,1780.7380952380952
720,2011-12-07,1784.878048780488
721,2011-12-08,1790.658536585366
722,2011-12-09,1774.8292682926829
723,2011-12-10,1708.6785714285713
724,2011-12-12,1841.6
725,2011-12-13,1826.3076923076924
726,2011-12-14,1817.3947368421052
727,2011-12-15,1818.8095238095239
728,2011-12-16,1797.7105263157894
729,2011-12-19,1814.8157894736842
730,2011-12-20,1758.078947368421
731,2011-12-21,1820.8
732,2011-12-22,1813.5277777777778
733,2011-12-23,1848.1176470588234
734,2011-12-26,1799.25
735,2011-12-27,1849.2162162162163
736,2011-12-28,1805.945945945946
737,2011-12-29,1851.8918918918919
738,2011-12-30,1834.3243243243244
739,2012-01-02,1815.7560975609756
740,2012-01-03,1870.8048780487804
741,2012-01-05,1770.107142857143
742,2012-01-06,1920.6315789473683
743,2012-01-08,2097.170731707317
744,2012-01-10,2181.785714285714
745,2012-01-11,2159.2972972972975
746,2012-01-13,1838.219512195122
747,2012-01-16,1827.2368421052631
748,2012-01-17,1795.3846153846155
749,2012-01-18,1842.0238095238096
750,2012-01-19,1822.3170731707316
751,2012-01-20,1836.9761904761904
752,2012-01-23,1837.6060606060605
753,2012-01-24,1780.7560975609756
754,2012-01-25,1780.7560975609756
755,2012-01-27,1798.2777777777778
756,2012-01-30,1834.0263157894738
757,2012-01-31,1802.3157894736842
758,2012-02-01,1777.0
759,2012-02-02,1830.5
760,2012-02-03,1832.7073170731708
761,2012-02-04,1848.9756097560976
762,2012-02-05,1858.4
763,2012-02-07,2012.5777777777778
764,2012-02-08,2122.7241379310344
765,2012-02-11,2220.2432432432433
766,2012-02-13,1800.1538461538462
767,2012-02-14,1820.6829268292684
768,2012-02-15,1809.6842105263158
769,2012-02-16,1840.8333333333333
770,2012-02-17,1834.2857142857142
771,2012-02-21,1809.8809523809523
772,2012-02-22,1811.2619047619048
773,2012-02-23,1863.2142857142858
774,2012-02-24,1820.578947368421
775,2012-02-27,1834.4594594594594
776,2012-02-28,1831.027027027027
777,2012-02-29,1874.179487179487
778,2012-03-01,1776.025
779,2012-03-02,1843.121951219512
780,2012-03-04,1865.857142857143
781,2012-03-05,1878.65
782,2012-03-07,1962.5238095238096
783,2012-03-08,2080.7727272727275
784,2012-03-09,2112.4418604651164
785,2012-03-10,2158.191489361702
786,2012-03-12,2268.3260869565215
787,2012-03-13,1846.0
788,2012-03-14,1850.1363636363637
789,2012-03-15,1865.1935483870968
790,2012-03-16,1861.657894736842
791,2012-03-19,1841.3023255813953
792,2012-03-20,1859.5681818181818
793,2012-03-21,1832.2142857142858
794,2012-03-22,1857.6341463414635
795,2012-03-23,1805.5555555555557
796,2012-03-26,1861.25
797,2012-03-27,1853.5365853658536
798,2012-03-28,1849.051282051282
799,2012-03-29,1857.047619047619
800,2012-03-30,1861.5
801,2012-04-01,1841.111111111111
802,2012-04-04,1886.8484848484848
803,2012-04-05,1859.4634146341464
804,2012-04-06,1935.9310344827586
805,2012-04-07,2001.108695652174
806,2012-04-09,2141.285714285714
807,2012-04-10,2168.9772727272725
808,2012-04-12,2207.408163265306
809,2012-04-13,1890.6923076923076
810,2012-04-16,1881.2105263157894
811,2012-04-17,1872.2857142857142
812,2012-04-18,1856.025
813,2012-04-19,1845.1951219512196
814,2012-04-20,1881.5263157894738
815,2012-04-23,1809.7878787878788
816,2012-04-24,1891.72
817,2012-04-25,1863.3157894736842
818,2012-04-26,1854.2894736842106
819,2012-04-27,1874.735294117647
820,2012-04-30,1881.0487804878048
821,2012-05-01,1869.6875
822,2012-05-03,1883.21875
823,2012-05-06,1925.5238095238096
824,2012-05-07,2008.65
825,2012-05-09,2124.6511627906975
826,2012-05-10,2216.25
827,2012-05-11,2227.9285714285716
828,2012-05-12,2231.3125
829,2012-05-14,1863.2857142857142
830,2012-05-15,1872.25
831,2012-05-16,1848.95
832,2012-05-17,1856.2285714285715
833,2012-05-18,1919.9512195121952
834,2012-05-21,1927.8333333333333
835,2012-05-22,1926.047619047619
836,2012-05-23,1913.5121951219512
837,2012-05-24,1896.0
838,2012-05-25,1926.725
839,2012-05-28,1889.1538461538462
840,2012-05-29,1920.095238095238
841,2012-05-30,1912.6097560975609
842,2012-05-31,1969.5666666666666
843,2012-06-01,1782.4871794871794
844,2012-06-02,1819.6216216216217
845,2012-06-03,1856.775
846,2012-06-06,1961.439024390244
847,2012-06-07,2000.6976744186047
848,2012-06-08,2061.5128205128203
849,2012-06-09,2143.3030303030305
850,2012-06-11,2231.978723404255
851,2012-06-12,2273.978260869565
852,2012-06-13,2002.3809523809523
853,2012-06-14,1984.921052631579
854,2012-06-15,1965.8
855,2012-06-18,1935.3
856,2012-06-19,1986.9772727272727
857,2012-06-20,1973.55
858,2012-06-21,1973.918918918919
859,2012-06-22,1944.8292682926829
860,2012-06-25,1926.675
861,2012-06-26,1946.9722222222222
862,2012-06-27,1997.525
863,2012-06-28,1937.878048780488
864,2012-06-29,2014.2444444444445
865,2012-07-02,1773.46875
866,2012-07-03,1846.03125
867,2012-07-05,1842.1842105263158
868,2012-07-06,1982.725
869,2012-07-08,2129.9777777777776
870,2012-07-09,2111.2272727272725
871,2012-07-11,2232.0851063829787
872,2012-07-12,2228.66
873,2012-07-13,2037.625
874,2012-07-16,2022.2093023255813
875,2012-07-17,2042.625
876,2012-07-18,2016.7948717948718
877,2012-07-19,2053.5227272727275
878,2012-07-20,2062.8333333333335
879,2012-07-23,2078.195652173913
880,2012-07-24,2116.6046511627906
881,2012-07-25,2048.5652173913045
882,2012-07-26,2084.7659574468084
883,2012-07-27,2096.6
884,2012-07-30,2050.088888888889
885,2012-07-31,2103.8285714285716
886,2012-08-02,1823.361111111111
887,2012-08-05,1874.5405405405406
888,2012-08-06,1934.2619047619048
889,2012-08-08,2087.931818181818
890,2012-08-10,2153.4418604651164
891,2012-08-11,2214.26
892,2012-08-13,2053.3777777777777
893,2012-08-14,2107.217391304348
894,2012-08-16,2108.9333333333334
895,2012-08-17,2179.4857142857145
896,2012-08-21,2021.3684210526317
897,2012-08-22,2102.4883720930234
898,2012-08-23,2082.675
899,2012-08-24,2114.2380952380954
900,2012-08-27,2145.3809523809523
901,2012-08-28,2105.625
902,2012-08-29,2036.5853658536585
903,2012-08-30,2094.871794871795
904,2012-08-31,2092.125
905,2012-09-01,1815.45
906,2012-09-02,1830.1951219512196
907,2012-09-03,1889.5
908,2012-09-04,1864.1351351351352
909,2012-09-05,1842.3170731707316
910,2012-09-07,2006.6046511627908
911,2012-09-08,2078.3947368421054
912,2012-09-10,2172.512195121951
913,2012-09-11,2223.3061224489797
914,2012-09-13,2089.75
915,2012-09-14,2085.487804878049
916,2012-09-17,2181.4473684210525
917,2012-09-18,2139.6511627906975
918,2012-09-19,2129.375
919,2012-09-20,2075.1724137931033
920,2012-09-21,2054.5588235294117
921,2012-09-24,2065.897435897436
922,2012-09-25,2136.625
923,2012-09-26,2146.4444444444443
924,2012-09-27,2121.9148936170213
925,2012-09-28,2132.3863636363635
926,2012-10-01,1834.820512820513
927,2012-10-02,1792.657894736842
928,2012-10-04,1872.0
929,2012-10-05,1843.8461538461538
930,2012-10-07,2020.357142857143
931,2012-10-09,2099.054054054054
932,2012-10-10,2176.232558139535
933,2012-10-12,2159.0
934,2012-10-15,2214.051282051282
935,2012-10-16,2231.548387096774
936,2012-10-17,2214.9777777777776
937,2012-10-18,2152.5833333333335
938,2012-10-19,2211.148936170213
939,2012-10-22,2259.0344827586205
940,2012-10-23,2229.0833333333335
941,2012-10-25,2241.225
942,2012-10-26,2178.657894736842
943,2012-10-29,2323.9615384615386
944,2012-10-30,2177.7916666666665
945,2012-10-31,2197.2
946,2012-11-01,1797.820512820513
947,2012-11-04,1865.2162162162163
948,2012-11-05,1857.9761904761904
949,2012-11-06,1915.842105263158
950,2012-11-07,2012.840909090909
951,2012-11-09,2085.731707317073
952,2012-11-10,2170.0697674418607
953,2012-11-12,2156.6222222222223
954,2012-11-14,2398.1304347826085
955,2012-11-15,2281.6785714285716
956,2012-11-16,2231.3809523809523
957,2012-11-19,2133.9777777777776
958,2012-11-20,2231.8333333333335
959,2012-11-21,2237.9791666666665
960,2012-11-22,2217.6666666666665
961,2012-11-23,2236.659574468085
962,2012-11-26,2165.5227272727275
963,2012-11-27,2167.3541666666665
964,2012-11-29,2226.529411764706
965,2012-11-30,2255.5348837209303
966,2012-12-01,1842.3
967,2012-12-03,1832.275
968,2012-12-04,1845.775
969,2012-12-06,1914.0731707317073
970,2012-12-07,2025.2173913043478
971,2012-12-09,2104.25
972,2012-12-10,2124.159090909091
973,2012-12-11,2190.675
974,2012-12-12,2222.7045454545455
975,2012-12-13,2167.0
976,2012-12-14,2231.375
977,2012-12-17,2170.139534883721
978,2012-12-18,2265.7714285714287
979,2012-12-19,2135.21875
980,2012-12-20,2228.2
981,2012-12-21,2258.25
982,2012-12-24,2183.8333333333335
983,2012-12-26,2221.2619047619046
984,2012-12-27,2280.6744186046512
985,2012-12-28,2246.840909090909
986,2012-12-31,2228.659090909091
987,2013-01-01,2207.8
988,2013-01-02,2319.8372093023254
989,2013-01-03,2323.568181818182
990,2013-01-04,2270.6428571428573
991,2013-01-05,2162.1612903225805
992,2013-01-07,2352.148936170213
993,2013-01-08,2410.7735849056603
994,2013-01-10,2370.177777777778
995,2013-01-11,2394.9333333333334
996,2013-01-14,2167.5416666666665
997,2013-01-15,2161.5454545454545
998,2013-01-16,2233.8947368421054
999,2013-01-17,2198.6279069767443
1000,2013-01-18,2284.909090909091
1001,2013-01-21,2341.3571428571427
1002,2013-01-22,2219.7391304347825
1003,2013-01-23,2290.4285714285716
1004,2013-01-24,2208.2
1005,2013-01-28,2291.45
1006,2013-01-30,2286.2045454545455
1007,2013-01-31,2304.8478260869565
1008,2013-02-01,2241.813953488372
1009,2013-02-04,2218.74
1010,2013-02-05,2258.58
1011,2013-02-07,2344.8125
1012,2013-02-08,2388.595238095238
1013,2013-02-09,2415.7021276595747
1014,2013-02-12,2500.4
1015,2013-02-13,2304.7021276595747
1016,2013-02-14,2330.872340425532
1017,2013-02-15,2373.625
1018,2013-02-18,2283.659090909091
1019,2013-02-19,2327.409090909091
1020,2013-02-20,2316.4523809523807
1021,2013-02-21,2264.7954545454545
1022,2013-02-22,2338.860465116279
1023,2013-02-25,2215.969696969697
1024,2013-02-26,2232.2195121951218
1025,2013-02-27,2312.4666666666667
1026,2013-02-28,2333.2127659574467
1027,2013-03-01,2276.5
1028,2013-03-04,2272.1363636363635
1029,2013-03-05,2231.2
1030,2013-03-06,2365.816326530612
1031,2013-03-07,2351.0851063829787
1032,2013-03-09,2359.733333333333
1033,2013-03-10,2439.9583333333335
1034,2013-03-12,2480.25
1035,2013-03-13,2268.1
1036,2013-03-14,2241.1702127659573
1037,2013-03-15,2328.0
1038,2013-03-18,2303.0
1039,2013-03-19,2245.1041666666665
1040,2013-03-20,2324.7872340425533
1041,2013-03-21,2213.191489361702
1042,2013-03-22,2292.439024390244
1043,2013-03-25,2233.5106382978724
1044,2013-03-26,2288.6052631578946
1045,2013-03-28,2290.3333333333335
1046,2013-04-01,2256.021276595745
1047,2013-04-02,2216.978723404255
1048,2013-04-03,2237.978260869565
1049,2013-04-04,2256.408163265306
1050,2013-04-06,2344.6938775510203
1051,2013-04-07,2354.1020408163267
1052,2013-04-09,2396.9148936170213
1053,2013-04-10,2402.125
1054,2013-04-11,2590.233333333333
1055,2013-04-15,2249.1
1056,2013-04-16,2270.3255813953488
1057,2013-04-17,2274.6666666666665
1058,2013-04-18,2284.0
1059,2013-04-22,2330.5106382978724
1060,2013-04-23,2383.4545454545455
1061,2013-04-25,2229.217391304348
1062,2013-04-26,2303.9591836734694
1063,2013-04-29,2304.553191489362
1064,2013-04-30,2331.3617021276596
1065,2013-05-02,2295.8260869565215
1066,2013-05-03,2284.9285714285716
1067,2013-05-04,2353.5128205128203
1068,2013-05-06,2361.274509803922
1069,2013-05-07,2361.326530612245
1070,2013-05-08,2368.31914893617
1071,2013-05-09,2379.186046511628
1072,2013-05-11,2527.4848484848485
1073,2013-05-12,2476.875
1074,2013-05-13,2339.823529411765
1075,2013-05-14,2335.4634146341464
1076,2013-05-15,2293.0243902439024
1077,2013-05-16,2274.5116279069766
1078,2013-05-17,2433.4358974358975
1079,2013-05-20,2324.217391304348
1080,2013-05-21,2313.5652173913045
1081,2013-05-22,2260.090909090909
1082,2013-05-23,2283.3125
1083,2013-05-24,2418.0454545454545
1084,2013-05-27,2342.088888888889
1085,2013-05-28,2281.7872340425533
1086,2013-05-29,2300.081632653061
1087,2013-05-30,2303.3
1088,2013-05-31,2333.3
1089,2013-06-02,2298.6521739130435
1090,2013-06-03,2226.5227272727275
1091,2013-06-05,2285.58
1092,2013-06-06,2334.574468085106
1093,2013-06-08,2260.3488372093025
1094,2013-06-09,2392.3061224489797
1095,2013-06-11,2462.125
1096,2013-06-12,2427.0
1097,2013-06-13,2337.6530612244896
1098,2013-06-14,2388.3333333333335
1099,2013-06-17,2303.7755102040815
1100,2013-06-18,2403.1
1101,2013-06-19,2386.0227272727275
1102,2013-06-20,2379.148936170213
1103,2013-06-21,2303.9772727272725
1104,2013-06-24,2370.0
1105,2013-06-25,2390.1111111111113
1106,2013-06-26,2331.860465116279
1107,2013-06-27,2363.1521739130435
1108,2013-06-28,2334.3695652173915
1109,2013-07-01,2202.0851063829787
1110,2013-07-02,2287.782608695652
1111,2013-07-03,2330.404761904762
1112,2013-07-05,2303.5652173913045
1113,2013-07-06,2362.5
1114,2013-07-08,2343.5106382978724
1115,2013-07-10,2387.1739130434785
1116,2013-07-11,2479.0943396226417
1117,2013-07-15,2386.911111111111
1118,2013-07-16,2372.911111111111
1119,2013-07-17,2392.3125
1120,2013-07-18,2322.413043478261
1121,2013-07-19,2386.6875
1122,2013-07-22,2354.42
1123,2013-07-23,2388.9574468085107
1124,2013-07-24,2356.22
1125,2013-07-25,2361.5434782608695
1126,2013-07-26,2379.62
1127,2013-07-29,2353.8979591836733
1128,2013-07-30,2361.22
1129,2013-07-31,2364.02
1130,2013-08-01,2259.744680851064
1131,2013-08-02,2278.9166666666665
1132,2013-08-03,2254.0
1133,2013-08-04,2208.8333333333335
1134,2013-08-05,2196.317073170732
1135,2013-08-07,2353.7
1136,2013-08-08,2278.2954545454545
1137,2013-08-10,2390.4444444444443
1138,2013-08-11,2449.8333333333335
1139,2013-08-13,2354.0454545454545
1140,2013-08-14,2351.4146341463415
1141,2013-08-16,2375.317073170732
1142,2013-08-19,2321.733333333333
1143,2013-08-20,2446.871794871795
1144,2013-08-21,2546.527777777778
1145,2013-08-22,2371.904761904762
1146,2013-08-23,2449.8979591836733
1147,2013-08-26,2357.3478260869565
1148,2013-08-27,2411.3488372093025
1149,2013-08-29,2410.3488372093025
1150,2013-08-30,2403.0666666666666
1151,2013-09-01,2199.2558139534885
1152,2013-09-04,2309.1632653061224
1153,2013-09-05,2336.2558139534885
1154,2013-09-07,2391.8571428571427
1155,2013-09-09,2402.4333333333334
1156,2013-09-10,2441.0416666666665
1157,2013-09-12,2478.7916666666665
1158,2013-09-13,2446.1041666666665
1159,2013-09-16,2335.9756097560976
1160,2013-09-17,2365.0833333333335
1161,2013-09-18,2331.3714285714286
1162,2013-09-19,2405.6222222222223
1163,2013-09-20,2457.3541666666665
1164,2013-09-23,2443.8936170212764
1165,2013-09-24,2503.978260869565
1166,2013-09-25,2486.2619047619046
1167,2013-09-26,2390.282608695652
1168,2013-09-27,2402.340909090909
1169,2013-09-30,2449.086956521739
1170,2013-10-01,2211.478260869565
1171,2013-10-04,2265.723404255319
1172,2013-10-05,2326.2291666666665
1173,2013-10-06,2309.6875
1174,2013-10-07,2328.8333333333335
1175,2013-10-09,2434.0263157894738
1176,2013-10-10,2401.521739130435
1177,2013-10-12,2453.7916666666665
1178,2013-10-14,2361.5384615384614
1179,2013-10-15,2413.942857142857
1180,2013-10-17,2392.027777777778
1181,2013-10-18,2647.2
1182,2013-10-21,2394.659090909091
1183,2013-10-22,2419.75
1184,2013-10-23,2414.782608695652
1185,2013-10-24,2441.0
1186,2013-10-25,2457.58
1187,2013-10-28,2391.549019607843
1188,2013-10-29,2376.2291666666665
1189,2013-10-30,2404.18
1190,2013-10-31,2443.595744680851
1191,2013-11-01,2168.8809523809523
1192,2013-11-02,2280.288888888889
1193,2013-11-03,2243.4444444444443
1194,2013-11-04,2235.3846153846152
1195,2013-11-06,2333.953488372093
1196,2013-11-07,2324.4893617021276
1197,2013-11-09,2393.3260869565215
1198,2013-11-10,2410.8571428571427
1199,2013-11-11,2456.0833333333335
1200,2013-11-12,2420.8936170212764
1201,2013-11-13,2414.326530612245
1202,2013-11-14,2507.4871794871797
1203,2013-11-18,2332.3720930232557
1204,2013-11-19,2473.2340425531916
1205,2013-11-20,2401.3777777777777
1206,2013-11-21,2472.5416666666665
1207,2013-11-22,2491.5
1208,2013-11-25,2452.2
1209,2013-11-26,2439.6
1210,2013-11-27,2491.7272727272725
1211,2013-11-28,2494.672727272727
1212,2013-11-29,2496.3584905660377
1213,2013-12-02,2299.75
1214,2013-12-03,2241.25
1215,2013-12-04,2294.121951219512
1216,2013-12-06,2296.7708333333335
1217,2013-12-07,2323.4883720930234
1218,2013-12-08,2395.625
1219,2013-12-09,2358.0227272727275
1220,2013-12-11,2475.3333333333335
1221,2013-12-12,2515.5510204081634
1222,2013-12-13,2505.3469387755104
1223,2013-12-16,2377.3260869565215
1224,2013-12-17,2490.423076923077
1225,2013-12-18,2456.7755102040815
1226,2013-12-19,2421.2916666666665
1227,2013-12-20,2462.2291666666665
1228,2013-12-23,2509.0697674418607
1229,2013-12-24,2391.5476190476193
1230,2013-12-26,2475.9375
1231,2013-12-27,2442.446808510638
1232,2013-12-30,2440.3260869565215
1233,2013-12-31,2482.906976744186
1234,2014-01-01,2489.864864864865
1235,2014-01-04,2591.3714285714286
1236,2014-01-05,2337.222222222222
1237,2014-01-07,2546.259259259259
1238,2014-01-08,2535.090909090909
1239,2014-01-09,2545.245283018868
1240,2014-01-12,2443.7169811320755
1241,2014-01-13,2412.1111111111113
1242,2014-01-15,2421.0975609756097
1243,2014-01-16,2419.090909090909
1244,2014-01-17,2406.25
1245,2014-01-20,2438.6363636363635
1246,2014-01-21,2382.222222222222
1247,2014-01-22,2495.5263157894738
1248,2014-01-23,2470.25641025641
1249,2014-01-24,2390.217391304348
1250,2014-01-27,2468.269230769231
1251,2014-01-28,2479.0384615384614
1252,2014-01-30,2459.0196078431372
1253,2014-01-31,2393.777777777778
1254,2014-02-01,2478.8297872340427
1255,2014-02-04,2424.304347826087
1256,2014-02-05,2451.5365853658536
1257,2014-02-06,2494.5925925925926
1258,2014-02-07,2549.0714285714284
1259,2014-02-09,2585.3389830508477
1260,2014-02-12,2522.8035714285716
1261,2014-02-13,2452.795918367347
1262,2014-02-14,2571.6315789473683
1263,2014-02-17,2465.5625
1264,2014-02-18,2503.24
1265,2014-02-19,2517.7
1266,2014-02-20,2493.403846153846
1267,2014-02-21,2516.0196078431372
1268,2014-02-24,2475.6046511627906
1269,2014-02-25,2509.3958333333335
1270,2014-02-26,2529.0576923076924
1271,2014-02-27,2672.6666666666665
1272,2014-02-28,2488.659090909091
1273,2014-03-01,2471.595744680851
1274,2014-03-02,2399.3617021276596
1275,2014-03-03,2505.843137254902
1276,2014-03-04,2488.52
1277,2014-03-06,2491.769230769231
1278,2014-03-07,2543.0178571428573
1279,2014-03-09,2591.2264150943397
1280,2014-03-11,2462.5576923076924
1281,2014-03-12,2504.285714285714
1282,2014-03-13,2505.918367346939
1283,2014-03-14,2506.4528301886794
1284,2014-03-18,2479.214285714286
1285,2014-03-19,2511.7755102040815
1286,2014-03-20,2439.5106382978724
1287,2014-03-21,2452.2558139534885
1288,2014-03-24,2485.468085106383
1289,2014-03-25,2491.94
1290,2014-03-26,2449.5
1291,2014-03-27,2462.1
1292,2014-03-28,2468.132075471698
1293,2014-03-31,2471.125
1294,2014-04-02,2515.5555555555557
1295,2014-04-03,2536.659090909091
1296,2014-04-04,2503.75
1297,2014-04-06,2505.24
1298,2014-04-07,2572.9803921568628
1299,2014-04-08,2537.2549019607845
1300,2014-04-09,2578.6363636363635
1301,2014-04-12,2474.181818181818
1302,2014-04-15,2406.4444444444443
1303,2014-04-16,2435.6136363636365
1304,2014-04-17,2470.675675675676
1305,2014-04-21,2433.7551020408164
1306,2014-04-22,2504.6181818181817
1307,2014-04-23,2504.4772727272725
1308,2014-04-24,2496.9772727272725
1309,2014-04-25,2517.450980392157
1310,2014-04-28,2530.0
1311,2014-04-29,2517.315789473684
1312,2014-04-30,2597.342857142857
1313,2014-05-02,2467.8260869565215
1314,2014-05-03,2532.408163265306
1315,2014-05-05,2447.5625
1316,2014-05-06,2477.9622641509436
1317,2014-05-08,2551.25
1318,2014-05-09,2594.4285714285716
1319,2014-05-11,2553.089285714286
1320,2014-05-12,2520.7272727272725
1321,2014-05-13,2521.0222222222224
1322,2014-05-15,2496.269230769231
1323,2014-05-16,2477.911111111111
1324,2014-05-19,2532.6545454545453
1325,2014-05-20,2491.296296296296
1326,2014-05-21,2539.245283018868
1327,2014-05-22,2480.769230769231
1328,2014-05-23,2529.4150943396226
1329,2014-05-26,2553.568181818182
1330,2014-05-27,2500.2448979591836
1331,2014-05-28,2532.4423076923076
1332,2014-05-29,2504.9444444444443
1333,2014-05-30,2500.519230769231
1334,2014-06-01,2426.6666666666665
1335,2014-06-02,2462.4
1336,2014-06-03,2479.46
1337,2014-06-05,2519.851063829787
1338,2014-06-06,2548.2181818181816
1339,2014-06-08,2533.9803921568628
1340,2014-06-13,2475.5897435897436
1341,2014-06-16,2494.8444444444444
1342,2014-06-17,2479.5416666666665
1343,2014-06-18,2511.176470588235
1344,2014-06-19,2511.3
1345,2014-06-20,2520.0
1346,2014-06-23,2443.1521739130435
1347,2014-06-24,2484.423076923077
1348,2014-06-25,2512.962962962963
1349,2014-06-26,2531.818181818182
1350,2014-06-27,2487.377358490566
1351,2014-06-30,2493.2083333333335
1352,2014-07-01,2520.1470588235293
1353,2014-07-02,2423.6170212765956
1354,2014-07-03,2484.6938775510203
1355,2014-07-04,2496.3488372093025
1356,2014-07-05,2458.7608695652175
1357,2014-07-07,2535.6666666666665
1358,2014-07-08,2530.2549019607845
1359,2014-07-10,2614.3953488372094
1360,2014-07-11,2551.7884615384614
1361,2014-07-14,2550.68085106383
1362,2014-07-15,2527.1785714285716
1363,2014-07-16,2513.622641509434
1364,2014-07-17,2532.6111111111113
1365,2014-07-18,2538.7636363636366
1366,2014-07-21,2487.9148936170213
1367,2014-07-22,2548.408163265306
1368,2014-07-23,2522.2181818181816
1369,2014-07-24,2558.274509803922
1370,2014-07-25,2576.7755102040815
1371,2014-07-28,2495.1960784313724
1372,2014-07-30,2552.2
1373,2014-07-31,2557.1153846153848
1374,2014-08-01,2514.795918367347
1375,2014-08-05,2494.66
1376,2014-08-07,2545.285714285714
1377,2014-08-08,2540.811320754717
1378,2014-08-09,2570.720930232558
1379,2014-08-10,2639.3030303030305
1380,2014-08-12,2501.730769230769
1381,2014-08-13,2539.096153846154
1382,2014-08-14,2439.0
1383,2014-08-19,2507.204081632653
1384,2014-08-20,2508.735849056604
1385,2014-08-21,2585.7818181818184
1386,2014-08-22,2563.418181818182
1387,2014-08-25,2483.16
1388,2014-08-26,2590.1454545454544
1389,2014-08-27,2541.9056603773583
1390,2014-08-28,2626.6875
1391,2014-08-29,2540.0967741935483
1392,2014-09-01,2479.8979591836733
1393,2014-09-04,2475.0625
1394,2014-09-05,2514.68085106383
1395,2014-09-06,2526.581818181818
1396,2014-09-07,2482.0
1397,2014-09-09,2586.0625
1398,2014-09-10,2531.282608695652
1399,2014-09-12,2534.8275862068967
1400,2014-09-15,2530.9423076923076
1401,2014-09-16,2472.2156862745096
1402,2014-09-17,2611.1132075471696
1403,2014-09-18,2591.7115384615386
1404,2014-09-19,2535.2678571428573
1405,2014-09-22,2614.326923076923
1406,2014-09-23,2631.5116279069766
1407,2014-09-24,2600.890909090909
1408,2014-09-25,2648.948717948718
1409,2014-09-26,2614.5625
1410,2014-09-29,2579.7884615384614
1411,2014-09-30,2600.3035714285716
1412,2014-10-01,2473.5
1413,2014-10-02,2440.4166666666665
1414,2014-10-03,2479.8979591836733
1415,2014-10-06,2489.6470588235293
1416,2014-10-07,2542.6071428571427
1417,2014-10-09,2494.425925925926
1418,2014-10-10,2561.8474576271187
1419,2014-10-11,2561.1454545454544
1420,2014-10-12,2516.7796610169494
1421,2014-10-13,2619.3571428571427
1422,2014-10-14,2575.5087719298244
1423,2014-10-15,2518.521739130435
1424,2014-10-16,2593.0576923076924
1425,2014-10-17,2499.2727272727275
1426,2014-10-20,2546.0943396226417
1427,2014-10-21,2542.6
1428,2014-10-22,2447.3055555555557
1429,2014-10-24,2632.6071428571427
1430,2014-10-27,2544.4727272727273
1431,2014-10-28,2548.4528301886794
1432,2014-10-29,2566.6938775510203
1433,2014-10-31,2576.703703703704
1434,2014-11-02,2390.2083333333335
1435,2014-11-03,2527.6666666666665
1436,2014-11-04,2399.0
1437,2014-11-06,2484.9615384615386
1438,2014-11-07,2471.1509433962265
1439,2014-11-08,2507.462962962963
1440,2014-11-09,2563.6428571428573
1441,2014-11-11,2553.3888888888887
1442,2014-11-12,2512.4561403508774
1443,2014-11-13,2505.9814814814813
1444,2014-11-14,2514.310344827586
1445,2014-11-17,2531.2280701754385
1446,2014-11-18,2559.464285714286
1447,2014-11-19,2533.0714285714284
1448,2014-11-20,2530.9285714285716
1449,2014-11-21,2523.8275862068967
1450,2014-11-24,2576.8039215686276
1451,2014-11-25,2524.2830188679245
1452,2014-11-26,2545.2181818181816
1453,2014-11-27,2543.980769230769
1454,2014-11-28,2510.6491228070176
1455,2014-12-02,2417.1702127659573
1456,2014-12-03,2516.9607843137255
1457,2014-12-05,2453.093023255814
1458,2014-12-06,2482.705882352941
1459,2014-12-08,2530.0576923076924
1460,2014-12-09,2576.6153846153848
1461,2014-12-11,2542.3653846153848
1462,2014-12-12,2509.4736842105262
1463,2014-12-15,2444.203703703704
1464,2014-12-16,2501.5789473684213
1465,2014-12-17,2488.214285714286
1466,2014-12-18,2500.6363636363635
1467,2014-12-19,2481.271186440678
1468,2014-12-22,2497.9508196721313
1469,2014-12-23,2520.0925925925926
1470,2014-12-24,2510.089285714286
1471,2014-12-26,2512.777777777778
1472,2014-12-29,2493.0555555555557
1473,2014-12-30,2500.344827586207
1474,2014-12-31,2483.8596491228072
1475,2015-01-01,2459.75
1476,2015-01-04,2463.3
1477,2015-01-13,2448.1052631578946
1478,2015-01-14,2496.1702127659573
1479,2015-01-15,2403.521739130435
1480,2015-01-16,2448.695652173913
1481,2015-01-19,2471.5789473684213
1482,2015-01-20,2490.8196721311474
1483,2015-01-21,2500.1612903225805
1484,2015-01-22,2488.4745762711864
1485,2015-01-23,2516.8
1486,2015-01-27,2502.4193548387098
1487,2015-01-28,2475.3333333333335
1488,2015-01-30,2484.4827586206898
1489,2015-02-01,2429.7169811320755
1490,2015-02-02,2492.2413793103447
1491,2015-02-03,2467.616666666667
1492,2015-02-13,2453.8225806451615
1493,2015-02-16,2474.2321428571427
1494,2015-02-17,2732.222222222222
1495,2015-02-18,2485.581818181818
1496,2015-02-19,2475.0
1497,2015-02-20,2442.714285714286
1498,2015-02-23,2460.7118644067796
1499,2015-02-24,2451.125
1500,2015-02-25,2465.435483870968
1501,2015-02-26,2433.169491525424
1502,2015-02-27,2460.6491228070176
1503,2015-03-02,2520.2272727272725
1504,2015-03-03,2481.5
1505,2015-03-13,2477.8813559322034
1506,2015-03-16,2474.633333333333
1507,2015-03-17,2469.048387096774
1508,2015-03-18,2415.490566037736
1509,2015-03-19,2465.5
1510,2015-03-20,2463.622950819672
1511,2015-03-23,2486.8070175438597
1512,2015-03-24,2452.4754098360654
1513,2015-03-25,2465.8
1514,2015-03-26,2472.714285714286
1515,2015-03-27,2460.4666666666667
1516,2015-03-30,2463.8
1517,2015-03-31,2442.7096774193546
1518,2015-04-02,2491.0714285714284
1519,2015-04-03,2467.616666666667
1520,2015-04-13,2461.125
1521,2015-04-15,2438.890909090909
1522,2015-04-16,2483.0333333333333
1523,2015-04-17,2482.9836065573772
1524,2015-04-20,2526.603773584906
1525,2015-04-21,2475.549019607843
1526,2015-04-22,2512.6615384615384
1527,2015-04-23,2531.7166666666667
1528,2015-04-24,2437.169491525424
1529,2015-04-27,2494.7049180327867
1530,2015-04-28,2495.8030303030305
1531,2015-05-01,2525.24
1532,2015-05-02,2465.5172413793102
1533,2015-05-03,2471.3125
1534,2015-06-01,2480.75
1535,2015-06-02,2491.6666666666665
1536,2015-06-04,2441.2
1537,2015-07-01,2471.464285714286
1538,2015-07-04,2477.242424242424
1539,2015-08-01,2471.7586206896553
1540,2015-08-04,2473.7462686567164
1541,2015-09-01,2460.603773584906
1542,2015-09-02,2486.3636363636365
1543,2015-09-03,2469.516129032258
1544,2015-09-04,2472.1363636363635
1545,2015-10-02,2470.5967741935483
1546,2015-10-03,2456.2903225806454
1547,2015-10-04,2482.507462686567
1548,2015-11-02,2455.435483870968
1549,2015-11-03,2443.7903225806454
1550,2015-12-01,2465.8076923076924
1551,2015-12-02,2460.904761904762
1552,2015-12-03,2463.1451612903224
